name,sentiment,score,summary,request,polarity
Derek,positive,0.943303644657135," The taste is refreshing, and I have noticed a significant energy boost after consuming it . I have not encountered any issues that require a resolution . I am not requesting any specific action at this time .",not requesting any specific action,0.94
Aine,positive,0.9789284467697144," The taste is delightful, and the energy boost it provides has significantly enhanced my daily routine . I am confident that your efforts will continue to drive success and customer loyalty .","
Aine",0.98
Patrick,positive,0.9786171317100525, The refreshing flavor and invigorating effects have made it an indispensable part of my daily routine . Patrick is reaching out to kindly request free samples of your product .,free samples,0.98
Siobhan,positive,0.9821270108222961, The invigorating taste and the remarkable energy boost it provides have significantly enhanced my daily routine . I am thrilled with the product and would like to request a few free samples to share with friends .,free samples,0.98
Mark,negative,0.7429942488670349, Blue Cow energy drink is not only misleading but also unrealistic . Mark writes to Blue Cow customer service asking for full refund or exchange for product that meets standards of honesty and realism .,a full refund,-0.74
Marion,negative,0.7170984745025635," The product was marketed with the bold claim that it could provide extraordinary enhancements, specifically the ability to grow wings . This claim, however, was not only unrealistic but also misleading, as I have not experienced any such miraculous effects .",a full refund,-0.72
Hugh,negative,0.8964357376098633," The experience has been nothing short of a scam, as the drink did not deliver on its outrageous claims . The deception perpetrated by Blue Cow has left me with a deep sense of betrayal, and it is only fair that I be compensated for the time and resources wasted .",full refund of the purchase price,-0.9
Karen,negative,0.8050904870033264," The promise of gaining superhuman abilities, such as growing wings, was the sole reason I invested in your product . This fantasy has been dashed to the ground, leaving me not only disillusioned but also fuming with rage . I demand immediate rectification for this blatant deception .",a miraculous solution that includes a set of wings and an operation to transplant them,-0.81
